160,97,27,160.0,97.0,27.0,0.0
160,109,30,160.0,100.74065092675337,27.994132578035906,0.0
160,96,27,160.0,99.61406884803333,27.746694487600948,0.0
160,108,30,160.0,101.22427434349541,28.19576629016551,0.0
160,96,27,160.0,100.38273243271051,27.997057590773533,0.0
160,108,30,160.0,101.43951711866488,28.28247178604731,0.0
160,109,27,160.0,102.36063446246332,28.122515680029615,0.0
160,111,30,160.0,103.29888777641736,28.330717417937024,0.0
160,108,29,160.0,103.75942466225385,28.397528182006855,0.0
160,98,30,160.0,103.24555090840019,28.54297547208957,0.0
160,99,31,160.0,102.89777773057233,28.747429498045904,0.0
160,110,30,160.0,103.43550857099798,28.843652063220635,0.0
160,111,30,160.0,103.96793036752065,28.926146065500113,0.0
153,110,29,159.53370249156274,104.36457782622097,28.93106399767933,0.0
160,127,31,159.5628248302987,105.76117480567325,29.060233820207802,0.0
150,111,30,159.00068445701447,106.06562554369127,29.11545873693627,0.0
160,108,30,159.05616746379224,106.17186687849623,29.164553701306016,0.0
160,110,30,159.10581433636807,106.37117357581724,29.208485699282445,0.0
160,108,27,159.15049993644422,106.45178013333323,29.098153277836627,0.0
160,119,30,159.19093258663796,107.04348248998399,29.141064682030482,0.0
160,111,30,159.22769189832323,107.22164922859548,29.180078303540768,0.0
160,95,30,159.26125673681395,106.69500506119017,29.215702157668037,0.0
160,98,30,159.2920261989681,106.33580334700176,29.24835965292291,0.0
160,114,30,159.32033555873664,106.63986252278126,29.27840650040659,0.0
160,114,30,159.346468534776,106.92071897336587,29.30614372368253,0.0
160,109,30,159.37066683321288,106.9971468018692,29.331827779460475,0.0
160,108,30,159.39313764646292,107.03270196777014,29.355678510933156,0.0
160,117,30,159.414059601252,107.37398606861106,29.377885456599277,0.0
160,96,27,159.43358751753962,106.99742619191122,29.298659722143046,0.0
160,119,30,159.45185624673923,107.38206647272409,29.321273630346518,0.0
160,109,30,159.46898379055938,107.43230609012254,29.342475044445425,0.0
160,137,30,159.48507385300206,108.32279257097159,29.36239230412387,0.0
160,110,28,159.50021794217744,108.37182856481593,29.322336500835554,0.0
160,150,29,159.5144971119389,109.55433975025849,29.31313000731976,0.0
160,109,30,159.52798341334844,109.53902766797624,29.3322037203603,0.0
160,120,30,159.54074111085043,109.82021910170623,29.350247007436103,0.0
160,105,30,159.55282770648256,109.69404142588354,29.367341180071584,0.0
160,109,27,159.56429480656735,109.67633689014546,29.306655043706275,0.0
160,99,30,159.57518885844135,109.41076168430666,29.323984794815296,0.0
147,92,29,159.26842739321037,108.98817291401701,29.31608431761633,0.0
160,109,30,159.28584914537493,108.98845317896651,29.332365101846626,0.0
160,76,29,159.3024610273473,108.2248147352862,29.32463690061341,0.0
160,98,27,159.31831824152314,107.99347572942223,29.271811444720278,0.0
160,102,27,159.3334710848099,107.86087004848196,29.221332547683993,0.0
160,111,30,159.3479654816841,107.92882095966027,29.23825851575711,0.0
160,104,27,159.36184344921725,107.84557668259919,29.190639444659258,0.0
160,104,30,159.375143503989,107.76578551892088,29.207500257565805,0.0
160,81,27,159.38790101918715,107.22170709413832,29.16245059329547,0.0
160,105,30,159.40014853886663,107.17744458880156,29.17920142840585,0.0
160,110,28,159.41191605524594,107.23258014521066,29.156079555477056,0.0
160,102,30,159.42323125401597,107.13232399621745,29.172309331199425,0.0
160,98,30,159.43411973188444,106.96063528177292,29.18792698248911,0.0
160,106,30,159.44460518995456,106.94290817715508,29.202966505107177,0.0
160,112,31,159.45470960601276,107.03454011469961,29.235642997880745,0.0
160,101,30,159.4644533883612,106.92714127813701,29.249293839576396,0.0
160,96,30,159.47385551346096,106.7360640603201,29.26246595790197,0.0
160,105,30,159.4829336493395,106.70622756074748,29.275184106849824,0.0
160,127,30,159.49170426645077,107.04911610906733,29.28747136267904,0.0
123,114,30,158.8830155917568,107.16461087513348,29.29934926368528,0.0
160,108,30,158.901342374835,107.17826497525441,29.310837936226783,0.0
147,111,30,158.70921463891224,107.23972643520214,29.32195620855776,0.0
160,96,27,158.729722309603,107.06182542489307,29.285089811275256,0.0
160,119,30,158.74958960757093,107.247841205273,29.29626354678805,0.0
160,110,30,158.76884608264865,107.29006721045272,29.307093667105878,0.0
160,108,30,158.78751949411577,107.300795256709,29.31759578690795,0.0
160,108,30,158.8056359442967,107.31120413301079,29.327784588900105,0.0
160,120,30,158.82322000037288,107.49733235580705,29.337673892324393,0.0
160,111,30,158.84029480560426,107.5479703562685,29.34727671551288,0.0
160,110,30,158.85688218101956,107.58291494332313,29.356605333081035,0.0
160,109,30,158.87300271851436,107.6028269444963,29.36567132828907,0.0
160,115,30,158.88867586619244,107.70532964850605,29.374485641040923,0.0
160,116,30,158.90392000669405,107.81870081832241,29.383058611939067,0.0
147,97,30,158.74283216440264,107.67282150746057,29.39140002276816,0.0
160,97,30,158.75961850896755,107.53082034324888,29.39951913374078,0.0
160,127,30,158.77596353803554,107.7864617894579,29.407424717803387,0.0
160,109,29,158.79188444283417,107.80219013017549,29.40213033076402,0.0
160,127,30,158.80739753313344,108.0478306117254,29.409800089546888,0.0
129,97,30,158.42947570786745,107.9082531903136,29.41727580346171,0.0
160,120,29,158.44914009720043,108.05911747787341,29.412056353110934,0.0
160,108,30,158.46831946816192,108.05838896010586,29.419319975560953,0.0
160,118,27,158.48703156252097,108.1794136076921,29.38979475465165,0.0
160,108,30,158.50529326715252,108.17725571614729,29.39715212730299,0.0
160,96,28,158.5231206649163,108.03253068012344,29.380506482292542,0.0
160,109,30,158.54052908194467,108.04389419795672,29.38780047734888,0.0
160,96,27,158.55753313163197,107.90406952755178,29.360012386432526,0.0
160,111,30,158.57414675559036,107.93960056500717,29.367374848091536,0.0
160,112,27,158.59038326181383,107.98567313868516,29.340449161328337,0.0
160,109,30,158.60625536026953,107.99705372367471,29.347866575073965,0.0
160,104,27,158.6217751961168,107.95270365808409,29.32175476118724,0.0
160,109,31,158.63695438073623,107.96419696385463,29.340214781502446,0.0
160,127,27,158.65180402073537,108.17083962147495,29.3147524515454,0.0
160,113,30,158.66633474508328,108.22270111131634,29.322128215398674,0.0
160,109,28,158.6805567305134,108.230960275173,29.30804828538036,0.0
160,106,30,158.69447972532225,108.20750375498288,29.315339827346087,0.0
160,109,28,158.70811307168094,108.21574970475476,29.301623227908543,0.0
160,141,30,158.72146572656658,108.55336916865744,29.308831155250473,0.0
132,110,31,158.44808111321342,108.56811552570467,29.326108061508155,0.0
160,109,30,158.463799173221,108.57247369964978,29.332923173411043,0.0
160,93,30,158.47920335388199,108.41689550018278,29.339602100881734,0.0
147,99,30,158.36522911144405,108.32374259501017,29.346148888287757,0.0
160,117,30,158.3813021886683,108.4087312779444,29.352567421421472,0.0
127,110,30,158.07573814190323,108.42416795754684,29.358861435196562,0.0
160,109,30,158.09429591233743,108.42970055098449,29.36503452090059,0.0
160,109,30,158.1125007923809,108.4351280348523,29.371090133033174,0.0
160,104,27,158.13036276822518,108.39331576467397,29.34868987445775,0.0
160,115,30,158.1478914527902,108.45502096058088,29.3547856447707,0.0
160,111,30,158.16509610300315,108.47857150117933,29.360768639591456,0.0
160,106,30,158.18198563612668,108.45584493613939,29.366641962322692,0.0
160,95,31,158.19856864519633,108.33358180471707,29.38151347134741,0.0
160,110,29,158.21485341362367,108.34858751614466,29.378071023417117,0.0
160,95,30,158.23084792901724,108.2294547647113,29.383632850882957,0.0
160,101,30,158.2465598962697,108.16550200863978,29.38909634094761,0.0
160,109,30,158.26199674995624,108.17281964569642,29.39446408102973,0.0
160,139,28,158.27716566608623,108.44080102520013,29.382317677847343,0.0
160,111,30,158.2920735732471,108.46285733913697,29.38765176484173,0.0
159,110,30,158.29814740839333,108.47599243914921,29.392894770702902,0.0
160,109,30,158.31262613938824,108.480432396533,29.398049010699495,0.0
160,115,30,158.32686204151028,108.53521129089981,29.403116722287518,0.0
160,94,28,158.34086118476552,108.4140957978509,29.39140217698662,0.0
160,131,30,158.35462943851923,108.6007466049009,29.39644151142703,0.0
136,109,30,158.17062853649836,108.60401914297266,29.401398330631437,0.0
160,114,29,158.18556473712061,108.64789032835797,29.398128468052946,0.0
160,110,30,158.20026057753023,108.65879524816994,29.4029920561287,0.0
160,104,26,158.21472182570477,108.62152055993526,29.375712247313334,0.0
160,113,30,158.2289540665293,108.65627588477432,29.380677261757796,0.0
160,96,27,158.24296270900408,108.55660025759717,29.361891923896685,0.0
160,110,30,158.25675299311436,108.56787954368481,29.366887925335753,0.0
160,104,27,158.2703299963807,108.53245958112632,29.348499588192634,0.0
160,108,30,158.28369864010696,108.528362404553,29.353522344666214,0.0
160,113,27,158.29686369534227,108.5625095912496,29.335515640433513,0.0
160,109,30,158.30982978857188,108.56582527032566,29.340561260780138,0.0
160,110,28,158.3226014071514,108.57661341065206,29.330458143055868,0.0
160,109,30,158.3351829044977,108.5797745727206,29.335466670884454,0.0
160,104,30,158.34757850504917,108.5458321279011,29.340401101419314,0.0
160,113,30,158.35979230900702,108.57860230669247,29.34526306893932,0.0
160,110,31,158.3718282968692,108.58898391299522,29.357371741849107,0.0
160,109,30,158.38369033376705,108.59196426565795,29.36204033597281,0.0
160,96,28,158.3953821736147,108.50131066836137,29.35221611995522,0.0
139,111,30,158.25607336737977,108.51917180348003,29.356855311447546,0.0
160,109,30,158.26851143125205,108.52258462947461,29.361428797444425,0.0
127,112,30,158.04704994440212,108.54709388349941,29.3659379659095,0.0
160,111,30,158.0607862630137,108.5642621058556,29.370384165987005,0.0
147,104,27,157.98352266740736,108.53253670378794,29.353877192051293,0.0
160,139,30,157.99751252015162,108.74285932884777,29.358345842014813,0.0
147,109,30,157.92173052277346,108.74462233693606,29.36275337517819,0.0
160,109,30,157.93595531212685,108.74636142145972,29.367101038665034,0.0
160,113,30,157.94998848334197,108.77513360079195,29.371390045896888,0.0
160,88,27,157.96383389406492,108.63554490194896,29.35542686811341,0.0
145,106,30,157.8768546516297,108.6179538941359,29.359737115512143,0.0
160,106,30,157.89100652896357,108.60059526153361,29.36399037018958,0.0
160,114,30,157.90497281785395,108.63616262808931,29.368187756862984,0.0
160,97,30,157.91875715687436,108.56000967226935,29.372330370848598,0.0
160,114,29,157.93236309009708,108.59538209986243,29.36990485171613,0.0
147,110,30,157.86134851795669,108.60445681614209,29.37398325924323,0.0
160,111,30,157.87515298406248,108.61983500205757,29.378009473369666,0.0
160,110,30,157.88878222046188,108.62863892545509,29.38198449130096,0.0
160,127,30,157.90223955391588,108.74509131209814,29.3859092849997,0.0
160,109,30,157.9155282274994,108.7466970363364,29.38978480197926,0.0
147,113,30,157.84680751040392,108.77332323339857,29.393611966067752,0.0
160,108,31,157.86028038210435,108.76851198922003,29.403624835567875,0.0
160,123,30,157.87358754815705,108.85651083569918,29.407319360062814,0.0
160,96,30,157.88673205799927,108.77749816881474,29.410968641131745,0.0
160,125,30,157.8997168866969,108.87659385924081,29.41457350630092,0.0
160,110,30,157.91254493719782,108.88341494123739,29.418134763037443,0.0
160,112,29,157.92521904250404,108.90222503725941,29.415606375978403,0.0
160,96,30,157.93774196776567,108.82481665129791,29.419119107866585,0.0
160,66,26,157.9501164123003,108.56940193553955,29.39868848034774,0.0
160,103,30,157.96234501154038,108.53638008429971,29.402260472100263,0.0
160,96,27,157.97443033891216,108.46248377895333,29.388073497516345,0.0
160,110,30,157.98637490764858,108.47149415858499,29.391666378872408,0.0
160,104,27,157.998181172539,108.44544079655601,29.37770484608899,0.0
160,120,30,158.0098515316181,108.512377906219,29.38131672022768,0.0
160,111,28,158.0213883277967,108.5267068777681,29.373345078445972,0.0
160,110,30,158.03279385043658,108.53514510520782,29.376941045802138,0.0
160,108,28,158.0440703368717,108.53209735535145,29.36908417319616,0.0
160,108,31,158.05521997387777,108.52908394243941,29.37833812281819,0.0
160,127,30,158.06624489909234,108.63310701797413,29.38184584362283,0.0
136,112,30,157.94183778344637,108.6519633862749,29.38531446264948,0.0
160,108,31,157.9533782085153,108.6483321621712,29.39432499524077,0.0
160,109,30,157.96479170899156,108.65028010889462,29.39768638117916,0.0
160,107,28,157.97608037676275,108.64118872512563,29.389971698678682,0.0
145,121,30,157.90449187558002,108.70890453984944,29.393320590615353,0.0
160,108,30,157.915991091164,108.70504126786639,29.396633170179445,0.0
132,111,30,157.77452938798163,108.7174809540311,29.399910026154586,0.0
160,109,30,157.78661303551158,108.71900417198566,29.403151734663545,0.0
160,96,27,157.79856808703573,108.65079232197445,29.39023855709767,0.0
160,109,30,157.8103965943342,108.65265524706638,29.393497815299103,0.0
159,111,30,157.81675531858463,108.66511202538189,29.396722672302143,0.0
160,110,30,157.82836514461397,108.67215900727656,29.39991367122344,0.0
160,113,31,157.8398540296619,108.69488753013641,29.40833337433711,0.0
160,92,27,157.85122386316084,108.6076633350175,29.395725969424287,0.0
160,118,30,157.86247649538592,108.65648274603349,29.398873070279375,0.0
160,100,30,157.87361373846403,108.61171785871325,29.401987814053086,0.0
160,109,30,157.88463736735193,108.61371556759484,29.405070698491752,0.0
160,95,31,157.8955491207844,108.54402697259155,29.4132514134023,0.0
160,127,30,157.9063507021936,108.63802821938354,29.416245855412278,0.0
160,111,30,157.91704378060038,108.64999822262041,29.419210135077485,0.0
160,127,30,157.92762999147885,108.74252974823999,29.422144707056546,0.0
160,111,30,157.9381109375951,108.75385690051301,29.425050016915673,0.0
160,123,27,157.9484881898206,108.82498677280499,29.412917450878556,0.0
160,117,30,157.95876328792184,108.86560397825528,29.41584026101133,0.0
147,111,30,157.90413982079377,108.87615693473748,29.418734359366,0.0
160,99,30,157.91453654593295,108.82756375584555,29.42160016812807,0.0
160,96,29,157.92483243975354,108.76475355140988,29.419531576448577,0.0
160,108,30,157.93502897043277,108.7610269183244,29.42236599834829,0.0
160,115,30,157.94512757777832,108.79128404364177,29.425173117803812,0.0
160,108,30,157.9551296739103,108.78746480678569,29.42795332855691,0.0
160,96,27,157.96503664392355,108.72603652265633,29.416265774194834,0.0
160,98,30,157.97484984653107,108.67475357575701,29.419062508371603,0.0
160,96,27,157.98457061468912,108.61443752170698,29.407526759017358,0.0
160,111,30,157.9942002562047,108.62573687847473,29.41033891899553,0.0
160,108,27,158.00374005432585,108.62278679742299,29.398951331148016,0.0
160,111,30,158.01319126831544,108.63394255974131,29.401777872229648,0.0
160,108,28,158.02255513400888,108.63098127947009,29.39521601918892,0.0
160,114,30,158.0318328643565,108.65594633188645,29.3980341343084,0.0
160,107,30,158.04102564995063,108.64828152584299,29.40082636241477,0.0
160,110,30,158.05013465953857,108.65450980131071,29.403593059711508,0.0
160,109,31,158.05916104052125,108.65609452359189,29.410931296692176,0.0
160,108,27,158.06810591943827,108.65309861298196,29.39989860934903,0.0
160,120,30,158.07697040243994,108.7046800904903,29.402632483707272,0.0
147,110,30,158.02636634266906,108.71054223567734,29.405341814133145,0.0
160,107,30,158.0353434046207,108.70283523749086,29.408026930776817,0.0
160,111,30,158.04424087632728,108.71313967620009,29.41068815789333,0.0
160,108,28,158.05305981877868,108.70995477275292,29.40437416599435,0.0
157,119,30,158.0483317457046,108.75570961813716,29.407028455147863,0.0
136,109,30,157.94976155250956,108.75679113401272,29.40965944327057,0.0
160,111,30,157.95888841792384,108.76667920271835,29.412267436919965,0.0
160,110,30,157.96793615582914,108.77209224583491,29.41485273729918,0.0
160,96,27,157.97690579810345,108.71627614291657,29.404275855377797,0.0
160,113,30,157.98579835875714,108.7349167158388,29.4068739578878,0.0
160,114,30,157.99461483431787,108.75773019810707,29.409449747610505,0.0
160,108,30,158.00335620420583,108.75446087660957,29.41200351180173,0.0
160,115,30,158.01202343109924,108.78129440291839,29.414535532807246,0.0
160,110,30,158.02061746129053,108.7865085036529,29.41704608816727,0.0
160,117,30,158.02913922503345,108.82150214745795,29.41953545071825,0.0
160,110,30,158.0375896368815,108.82650224843633,29.422003888692085,0.0
160,137,30,158.0459695960177,108.94554067780574,29.424451665812875,0.0
160,109,31,158.0542799865761,108.94576982937873,29.431096542223255,0.0
160,159,29,158.06252167795535,109.15552046018291,29.429285845731748,0.0
132,111,30,157.95256892823332,109.16321806893899,29.43167318073674,0.0
160,123,30,157.96117213425825,109.22072817278817,29.434040866543356,0.0
160,110,30,157.96970511208895,109.22395393681923,29.436389145705164,0.0
160,121,27,157.97816872496955,109.27250347672945,29.426320814077776,0.0
160,127,30,157.9865638220504,109.34529526929438,29.428682018381995,0.0
160,95,30,157.99489123867468,109.286627280538,29.43102410707214,0.0
160,96,30,158.00315179665768,109.23250570575875,29.43334731229332,0.0
160,76,29,158.01134630455965,109.09767465210743,29.43158490890827,0.0
160,89,29,158.019475557952,109.01645689983664,29.429836600111724,0.0
160,119,30,158.02754033967693,109.0566429438888,29.432137199668453,0.0
160,112,30,158.03554142010105,109.06844413779362,29.43441954831392,0.0
160,108,27,158.04347955736293,109.0641770238982,29.42467329093535,0.0
160,108,30,158.0513554976147,109.05994349397072,29.42696768401792,0.0
160,88,29,158.05916997525804,108.97648718558936,29.425271527068556,0.0
159,112,30,158.0629286503315,108.98842249856898,29.42754588249372,0.0
160,109,28,158.0706382605944,108.98846802500321,29.421918361992873,0.0
160,109,30,158.07828842061642,108.98851319873746,29.424188510757883,0.0
160,108,29,158.08587982147324,108.98465570755438,29.422529042802196,0.0
160,119,30,158.09341314356746,109.02359025515797,29.424779607927704,0.0
160,109,31,158.10088905683384,109.02349889533949,29.43089551423381,0.0
160,110,30,158.10830822093982,109.02726641198542,29.43309679839996,0.0
160,108,31,158.11567128548145,109.02331791471217,29.43913485757145,0.0
160,104,27,158.12297889017486,109.00408203090664,29.429770703518695,0.0
160,108,30,158.13023166504334,109.00025140477122,29.431951756422524,0.0
160,108,30,158.13743023060027,108.99644955324428,29.434116428827725,0.0
160,109,30,158.14457519802787,108.99646299823998,29.43626490545194,0.0
160,108,30,158.15166716935184,108.99270344061017,29.438397368245646,0.0
160,96,27,158.1587067376123,108.94386304413392,29.429207274866343,0.0
160,115,30,158.16569448703072,108.96654526431689,29.43135070380383,0.0
160,108,30,158.17263099317327,108.962938411843,29.433478335750227,0.0
160,110,30,158.17951682311048,108.96679437684449,29.43559034555578,0.0
160,109,31,158.18635253557338,108.96691739480514,29.441401512305497,0.0
160,97,30,158.1931386811063,108.92274270662514,29.443469043331742,0.0
160,97,31,158.19987580221616,108.8788888697123,29.449209618614393,0.0
160,113,30,158.2065644335187,108.89399286527163,29.451233734056565,0.0
160,111,30,158.2132051018814,108.90168398000469,29.45324325933465,0.0
160,115,28,158.2197983265633,108.92387601330739,29.447940433791583,0.0
160,109,30,158.2263446193518,108.92415205339677,29.449947786529176,0.0
160,119,30,158.23284448469667,108.96056043817507,29.45194082710566,0.0
160,109,30,158.239298419841,108.96070245072593,29.453919708843163,0.0
160,127,30,158.2457069149494,109.02543083053844,29.45588458288139,0.0
160,108,30,158.2520704532336,109.02176419671264,29.457835598216302,0.0
160,167,30,158.25838951107522,109.22835822830405,29.459772901738006,0.0
160,110,30,158.26466455814597,109.23109832329988,29.461696638267817,0.0
160,118,29,158.27089605752545,109.26212945959121,29.460058185228146,0.0
160,111,30,158.27708446581636,109.26825829449905,29.461967764847884,0.0
160,112,26,158.28323023325729,109.27785923008229,29.449765715465198,0.0
160,115,30,158.2893338038333,109.29790170009348,29.451698492447296,0.0
160,92,29,158.295395615384,109.2375193188242,29.450117199148433,0.0
160,109,30,158.30141609970957,109.23669300475909,29.452035730648063,0.0
160,96,27,158.30739568267452,109.19079853570734,29.443509327134866,0.0
160,96,29,158.31333478430932,109.14521670064408,29.441972279312463,0.0
160,111,30,158.3192338189099,109.15160461289062,29.443899764907847,0.0
160,110,30,158.32509319513528,109.15451676635249,29.445814216400972,0.0
160,108,27,158.330913316103,109.15056699904858,29.437422016593626,0.0
160,102,31,158.33669457948275,109.1261848415158,29.44276593994276,0.0
160,97,30,158.34243737758817,109.08497307138067,29.444665387974833,0.0
160,106,30,158.34814209746656,109.07452300842643,29.44655216590132,0.0
160,109,29,158.3538091209871,109.07427139527815,29.445039930034902,0.0
160,98,30,158.35943882492703,109.03700318937238,29.446913178279505,0.0
160,96,28,158.36503158105626,108.99327249425878,29.44204499101154,0.0
160,110,30,158.37058775622035,108.99663846790213,29.443916190545934,0.0
147,98,31,158.3320676415982,108.95999017565386,29.44911800549186,0.0
160,107,30,158.33770046509593,108.95347917817405,29.450953640504636,0.0
160,106,31,158.34329681641202,108.94369932865133,29.456098847211724,0.0
160,109,27,158.3488570529273,108.94388516095762,29.44796680368615,0.0
160,111,30,158.35438152736586,108.95065018153622,29.4497887653881,0.0
112,111,30,158.19976366842852,108.95737153385522,29.451598973151395,0.0
160,108,31,158.2057500688003,108.95424153232956,29.456677199262874,0.0
160,105,30,158.2116983476794,108.94135442795336,29.458453517576412,0.0
160,109,30,158.21760887259072,108.94154495652066,29.460218488341596,0.0
160,117,30,158.22348200634696,108.9676433613798,29.4619722206493,0.0
160,110,30,158.22931810712385,108.9709763496398,29.46371482219631,0.0
160,108,31,158.235117528534,108.9678512846341,29.46867523572301,0.0
160,108,30,158.24088061969937,108.96474593929769,29.470385500173894,0.0
160,98,29,158.24660772532224,108.92967437141051,29.46887604994694,0.0
160,113,30,158.25229918575494,108.94265350005128,29.47057518102069,0.0
160,114,30,158.25795533706832,108.9587304358634,29.47226369965155,0.0
160,109,30,158.26357651111877,108.95886122721252,29.473941705623556,0.0
160,115,28,158.26916303561407,108.97794836798298,29.469269346681912,0.0
160,127,30,158.27471523417807,109.03471636246218,29.47094665838623,0.0
160,118,30,158.28023342641404,109.06287067439607,29.47261362580778,0.0
160,111,30,158.28571792796697,109.06893559807537,29.47427034500411,0.0
160,125,30,158.29116905058459,109.11866366876939,29.475916910846887,0.0
160,95,28,158.29658710217737,109.07472521911794,29.471308200481438,0.0
160,159,29,158.30197238687734,109.22963189008729,29.469840871111657,0.0
160,111,30,158.30732520509588,109.23510855200057,29.47148652373817,0.0
160,120,30,158.31264585358042,109.26831090455423,29.473122215532655,0.0
160,109,30,158.31793462547017,109.26748580092008,29.474748037304114,0.0
160,104,26,158.32319181035072,109.2513352021976,29.464057288332558,0.0
160,115,30,158.32841769430775,109.26890923341307,29.465701391448274,0.0
160,96,27,158.33361255997977,109.22846441973543,29.45815948550582,0.0
160,110,30,158.3387766866098,109.23080924677,29.45981200317011,0.0
160,96,27,158.3439103500963,109.19071588191193,29.452331779441998,0.0
160,121,29,158.349013823043,109.22639752925807,29.450960228900716,0.0
160,104,27,158.354087374808,109.21065179375134,29.44354990812963,0.0
160,111,30,158.35913127155177,109.21602704164822,29.445227463843974,0.0
160,107,28,158.36414577628472,109.20938921771297,29.44088295315655,0.0
160,109,31,158.3691311489134,109.20876382053638,29.44555644221393,0.0
160,109,30,158.37408764628628,109.20814207648931,29.44721366765584,0.0
147,110,30,158.33961463618633,109.21049367031256,29.448861250112042,0.0
160,108,28,158.34463323270208,109.20690907579576,29.444555130181197,0.0
160,111,30,158.34962302303353,109.21220383358364,29.446201295976103,0.0
160,109,28,158.35458425819382,109.21157899611488,29.44192725722334,0.0
160,127,30,158.35951718628542,109.263809600572,29.44357193718464,0.0
160,95,31,158.36442205254215,109.22204573034578,29.44814602276819,0.0
160,97,30,158.36929909937058,109.18636034599913,29.449763312378845,0.0
160,109,30,158.37414856639055,109.18581773955293,29.45137138356988,0.0
129,98,27,158.28702757468204,109.15333984839124,29.444227067698456,0.0
160,99,30,158.29209455833558,109.12394161019128,29.445842349930015,0.0
147,98,30,158.25878115456308,109.09182224040435,29.447448505119596,0.0
160,108,30,158.26390442139362,109.0886784050045,29.44904561103449,0.0
160,109,31,158.26899913862013,109.08842376368281,29.45351625817368,0.0
160,110,30,158.27406554797045,109.09103418567935,29.455087209103297,0.0
160,115,30,158.2791038884483,109.10790901841654,29.456649385107095,0.0
160,108,30,158.28411439637156,109.10475368027527,29.45820286011141,0.0
160,102,30,158.2890973054098,109.08457428431143,29.459747707214262,0.0
160,96,30,158.29405284662138,109.04751137062637,29.461283998696942,0.0
160,119,30,158.29898124848978,109.07562623250018,29.46281180603537,0.0
160,100,30,158.30388273695934,109.0500575336169,29.464331199911285,0.0
160,97,31,158.3087575354704,109.01620023132662,29.46866311698218,0.0
160,96,30,158.31360586499397,108.97972634186047,29.470157956754164,0.0
160,127,27,158.3184279440657,109.03008768091588,29.463226972033144,0.0
160,141,30,158.32322398881925,109.11919610198218,29.46472911007946,0.0
160,127,30,158.32799421301937,109.1689021376671,29.46622309124772,0.0
160,108,31,158.33273882809408,109.16566136644568,29.470492713008227,0.0
160,118,29,158.33745804316666,109.19008980616456,29.469186424291173,0.0
160,104,27,158.34215206508685,109.17577612499915,29.46234884211344,0.0
160,120,29,158.3468210984617,109.20554972226077,29.461071861872064,0.0
160,111,30,158.35146534568588,109.21047269384333,29.462556478397083,0.0
160,116,29,158.35608500697148,109.2290507408697,29.46128555167042,0.0
160,106,30,158.36068028037738,109.22023815722764,29.462761903786117,0.0
160,80,26,158.36525136183806,109.1406985895826,29.453296638460312,0.0
160,114,30,158.36979844519203,109.15389171273397,29.45478717962617,0.0
160,104,27,158.37432172220977,109.13993488988548,29.44811156335677,0.0
160,108,30,158.37882138262128,109.13685587350376,29.449608547849596,0.0
160,108,27,158.38329761414303,109.13379305542739,29.442980977142916,0.0
160,110,29,158.38775060250472,109.13612074165455,29.441785510119974,0.0
160,111,28,158.3921805314754,109.14111660631184,29.43790444280114,0.0
160,109,30,158.39658758288925,109.1407393259158,29.439413694953764,0.0
160,108,28,158.4009719366711,109.13769725836563,29.435558542702175,0.0
160,108,28,158.40533377086135,109.13467098220232,29.431723376677603,0.0
160,110,30,158.40967326164048,109.13696694890251,29.433237751913758,0.0
159,110,30,158.41127584454608,109.13925106023062,29.434744317845183,0.0
160,109,31,158.41557852194325,109.1388834421124,29.438894709634617,0.0
160,110,30,158.41985933619335,109.14115107065298,29.44037882544136,0.0
160,109,30,158.42411845656525,109.14078029711351,29.441855348434114,0.0
140,142,30,158.37457543446016,109.22687954816642,29.443324337299675,0.0
134,111,30,158.30918600537092,109.23151402710323,29.444785850121356,0.0
136,110,30,158.24947807756675,109.23351767831834,29.446239944386733,0.0
160,109,30,158.25415216339337,109.23291033760613,29.447686676995257,0.0
153,104,27,158.24015578484892,109.21933391634762,29.44130756788136,0.0
160,113,30,158.24483285840202,109.22911850630285,29.442760072413485,0.0
160,112,30,158.24948666592613,109.23627215254984,29.444205280422725,0.0
160,110,30,158.25411738388553,109.23823907039638,29.445643247305142,0.0
160,109,30,158.25872518696158,109.23762699976727,29.447074027897223,0.0
160,52,30,158.26331024807521,109.09093244511692,29.448497676482933,0.0
160,51,30,158.26787273840898,108.9424116093751,29.449914246800645,0.0
160,97,30,158.2724128274289,108.9119522638376,29.45132379204999,0.0
160,99,30,158.27693068290583,108.88673255624924,29.45272636489858,0.0
160,112,31,158.2814264709367,108.89463483585185,29.456672209020915,0.0
160,124,29,158.28590035596528,108.93288427732104,29.45551037605298,0.0
160,111,30,158.2903525008027,108.93810606661974,29.45689234356343,0.0
160,108,30,158.29478306664765,108.935741944284,29.458267544149333,0.0
160,110,30,158.2991922131063,108.93841760564003,29.459636027915813,0.0
160,127,27,158.30358009821188,108.9837187249195,29.453437292907964,0.0
160,75,30,158.30794687844408,108.89868412036759,29.454811500671745,0.0
160,44,30,158.312292708748,108.73667664347671,29.456179046844472,0.0
160,109,30,158.31661774255295,108.73733243472903,29.457539980268262,0.0
160,128,29,158.32092213179095,108.78519240473075,29.456397632516357,0.0
160,96,29,158.32520602691488,108.75350069357572,29.455260781121616,0.0
160,116,30,158.32946957691655,108.77142126133327,29.456614544233275,0.0
160,107,30,158.33371292934427,108.76705074145653,29.457961825987322,0.0
160,96,27,158.33793623032034,108.73562451731577,29.451881531757223,0.0
160,111,31,158.3421396245582,108.74118539136892,29.455702340881935,0.0
160,96,27,158.34632325537942,108.70996775217681,29.449655463020047,0.0
160,112,30,158.35048726473033,108.7180102061174,29.451007526475568,0.0
160,106,28,158.35463179319854,108.71138132388639,29.44745087236942,0.0
160,110,30,158.35875698002903,108.71451689755781,29.448802182433102,0.0
160,108,28,158.3628629631403,108.7127822509056,29.445267031688523,0.0
160,121,30,158.36694987913992,108.74254414418746,29.44661754891647,0.0
147,110,28,158.33863441476777,108.7455830047255,29.44310364608992,0.0
160,109,30,158.34276409724708,108.74619645263456,29.444453332294334,0.0
160,110,28,158.3468747436751,108.74921277067384,29.440960426250392,0.0
160,110,28,158.35096648818381,108.75221503998127,29.43748376063029,0.0
160,139,30,158.3550394636454,108.82465544157887,29.438837939178185,0.0
160,110,30,158.35909380168684,108.82746395187372,29.44018585157014,0.0
160,108,31,158.36312963270458,108.82549113887869,29.443924212351295,0.0
160,109,30,158.3671470858788,108.82590626761646,29.445253992408745,0.0
160,108,30,158.3711462891876,108.82394594747008,29.446577663118592,0.0
148,143,30,158.34579817768144,108.90488377136619,29.447895266983984,0.0
160,102,30,158.3498327946861,108.88856746805983,29.449206846114492,0.0
147,98,30,158.322207890342,108.86289460221406,29.450512442230664,0.0
160,104,30,158.3262830955656,108.85145425844281,29.451812096668494,0.0
160,96,29,158.3303400101431,108.82128674600376,29.450745795177422,0.0
160,113,30,158.33437875968,108.83107432292176,29.45203924649854,0.0
160,111,30,158.33839946863162,108.83614335515773,29.45332685277071,0.0
160,108,30,158.34240226031633,108.83419346003012,29.45460865400727,0.0
160,113,28,158.34638725692838,108.84388699295769,29.45120534956653,0.0
160,127,30,158.35035457955078,108.88604311888393,29.452486583861482,0.0
160,113,30,158.35430434816783,108.89557447523728,29.453762082080583,0.0
160,111,30,158.35823668167757,108.9004395330987,29.455031883135128,0.0
160,108,30,158.3621516979041,108.89836236907284,29.45629602558505,0.0
160,108,27,158.36604951360954,108.89629445789274,29.450610389882176,0.0
160,139,30,158.36993024450612,108.9654403954469,29.45187936902006,0.0
160,112,30,158.37379400526785,108.97239561829181,29.453142732179522,0.0
160,109,30,158.37764090954212,108.97245875244182,29.454400517030187,0.0
160,60,30,158.38147106996124,108.86069231144657,29.455652760905313,0.0
160,53,27,158.38528459815367,108.73347644564555,29.450028482763983,0.0
160,107,30,158.38908160475523,108.72953704090395,29.45128545928033,0.0
160,111,30,158.39286219942008,108.73468585257791,29.45253693613038,0.0
160,51,30,158.39662649083155,108.60403521171501,29.453782949794654,0.0
160,26,29,158.4003745867129,108.4175001968866,29.45275230261264,0.0
160,86,27,158.40410659383787,108.36698374313443,29.447193111188977,0.0
160,118,29,158.40782261804114,108.38864565240439,29.44618164505139,0.0
160,110,30,158.41152276422858,108.39226155269904,29.447431685601824,0.0
160,96,27,158.41520713638747,108.3645111626445,29.44191891342256,0.0
160,109,31,158.4188758375965,108.36593127185529,29.44542122211219,0.0
160,96,27,158.42252897003564,108.33835483805893,29.439935609676045,0.0
160,113,30,158.42616663499598,108.34872892998415,29.44118938192551,0.0
160,110,28,158.42978893288932,108.3523960996034,29.43796969861877,0.0
160,111,30,158.43339596325765,108.35826382142196,29.439222739945162,0.0
160,109,28,158.43698782478262,108.35968313719479,29.43602053310321,0.0
160,116,30,158.4405646152948,108.37654641485469,29.437272816149108,0.0
148,111,31,158.41671792337328,108.38232490299673,29.44073573520412,0.0
159,111,30,158.41804763663913,108.38807889031476,29.441972531926016,0.0
160,110,31,158.42164720296503,108.39161488291398,29.445411123190947,0.0
160,108,28,158.42523180095372,108.390757562356,29.442227489236046,0.0
160,115,31,158.42880152610363,108.40519713328555,29.445651728890187,0.0
139,111,30,158.38484249688096,108.41085467276454,29.44686784006008,0.0
160,109,30,158.388490062034,108.41213661463965,29.44807886204526,0.0
136,110,30,158.33802378915672,108.415584745579,29.449284827169773,0.0
160,96,27,158.34176310044472,108.38867779077471,29.443943690706227,0.0
159,110,30,158.34324132892718,108.39216283704461,29.44515387598234,0.0
160,106,30,158.34695508387424,108.38699929520745,29.446359040673233,0.0
159,99,30,158.34841623053666,108.36677764635404,29.447559216398584,0.0
160,103,29,158.3521047343679,108.35523944258246,29.446590911924083,0.0
160,96,27,158.3557782358054,108.3287292679645,29.44130804566277,0.0
160,114,30,158.3594368285465,108.34087379511213,29.442512054038545,0.0
160,111,30,158.36308060550743,108.34655682537559,29.443711120913736,0.0
160,110,30,158.3667096588313,108.35008356221223,29.444905277085567,0.0
160,105,30,158.37032407989608,108.34295200868044,29.44609455309565,0.0
160,104,30,158.37392395932267,108.33372501506406,29.44727897923264,0.0
160,143,30,158.37750938698255,108.40723240462569,29.44845858553483,0.0
160,109,30,158.38108045200565,108.40848687049757,29.449633401792756,0.0
160,127,30,158.38463724278787,108.4477551290746,29.45080345755172,0.0
160,108,28,158.3881798469987,108.44681123793771,29.44772503885471,0.0
160,127,30,158.3917083515886,108.48584642408119,29.448894648697664,0.0
147,110,31,158.36681482006836,108.4890259757154,29.452173301599633,0.0
160,108,30,158.37037735096277,108.48800106023813,29.45332906183465,0.0
160,111,30,158.37392579379554,108.49325563576612,29.454480187839504,0.0
160,116,29,158.37746023420337,108.50892797293739,29.453525005978857,0.0
160,117,30,158.3809807571277,108.5266213404688,29.45467135677743,0.0
160,110,30,158.3844874468218,108.52968563183545,29.455813139797385,0.0
160,108,31,158.38798038685772,108.52858611103372,29.4590401849072,0.0
160,90,29,158.39145966013314,108.49019780283568,29.458082687334727,0.0
160,90,29,158.39492534887813,108.45196188345125,29.457128981327703,0.0
160,97,30,158.39837753466193,108.42832528338852,29.458257094903324,0.0
160,103,30,158.40181629839952,108.41714255057863,29.459380759729868,0.0
160,108,27,158.40524172035813,108.41628483089058,29.454289109502707,0.0
160,77,31,158.40865388016377,108.35180909031924,29.457483236192115,0.0
160,63,27,158.4120528568076,108.25890847869377,29.452414410565268,0.0
147,85,30,158.387719711575,108.21135333025579,29.453541772959284,0.0
160,109,28,158.39115155814488,108.21296277749205,29.450554770231708,0.0
160,102,30,158.39457022824445,108.20030723180587,29.45168178833797,0.0
160,96,28,158.39797579972623,108.17550204306055,29.448709587804508,0.0
160,127,30,158.40136834982815,108.21370408690227,29.44983623804568,0.0
134,111,31,158.34978236061724,108.2193480431434,29.452998443222786,0.0
160,110,30,158.3532651006572,108.22294827453922,29.45411224166662,0.0
160,109,31,158.3567346066012,108.22451646222524,29.45725422128689,0.0
160,109,27,158.36019095586715,108.22607859946665,29.45226899780397,0.0
160,118,30,158.3636342252678,108.24573100368927,29.453378205236046,0.0
147,113,30,158.3398129709582,108.25527285364234,29.45448316142559,0.0
160,108,30,158.34328733949252,108.2547614578046,29.455583891161695,0.0
147,111,31,158.31958827981606,108.2602510248917,29.45869455466508,0.0
160,112,30,158.32309323942712,108.26771564376863,29.45978285564975,0.0
160,102,30,158.32658507013662,108.25522791759357,29.460867018796712,0.0
160,97,30,158.3300638476951,108.23284385134191,29.46194706804682,0.0
160,111,30,158.3335296472689,108.23833711781823,29.463023027156364,0.0
160,108,31,158.33698254344577,108.23786483440458,29.466091080794648,0.0
160,111,30,158.34042261024038,108.2433283431209,29.467154952593766,0.0
159,112,30,158.34178475024333,108.2507456686652,29.4682148194053,0.0
160,116,30,158.34520363599398,108.26601862415716,29.469270704179095,0.0
160,110,30,158.34860989529753,108.26942999036515,29.470322629689775,0.0
160,141,27,158.35200360002023,108.33370762613868,29.46543499296303,0.0
160,141,30,158.35538482148146,108.39774451783974,29.46649079079398,0.0
160,137,30,158.3587536304589,108.45371465986781,29.467542652950588,0.0
160,109,30,158.36211009719358,108.45478175478722,29.468590601771123,0.0
160,121,30,158.36545429139508,108.47924368650413,29.46963465942492,0.0
160,108,27,158.36878628224648,108.47831086276608,29.46479104437631,0.0
160,127,30,158.37210613840926,108.51429872691958,29.465838905162812,0.0
160,108,30,158.37541392802837,108.5133011994829,29.466882897768038,0.0
160,118,29,158.37870971873687,108.53166912254798,29.46597197884043,0.0
160,109,30,158.3819935776609,108.5325743024143,29.4670121002367,0.0
160,92,29,158.38526557142427,108.50067645771708,29.466104074895068,0.0
160,114,30,158.3885257661533,108.51126827531384,29.467140356799923,0.0
160,107,30,158.3917742274813,108.50836261560922,29.46817285006257,0.0
160,109,30,158.3950110205533,108.50930622366401,29.46920157578543,0.0
160,104,27,158.39823621003046,108.50066646502825,29.46443351325036,0.0
160,90,30,158.40144986009457,108.46528091290214,29.465465933921298,0.0
160,110,31,158.40465203445254,108.46821123792549,29.46841904189544,0.0
160,110,30,158.40784279634076,108.47113092054363,29.46944029476375,0.0
160,111,28,158.41102220852937,108.4759427978112,29.466622051471877,0.0
160,109,28,158.41419033332667,108.4769382487892,29.463813974632792,0.0
160,139,30,158.41734723258324,108.53481762212746,29.464838852415046,0.0
160,109,30,158.42049296769616,108.53569821480197,29.46586004708699,0.0
160,96,31,158.4236275996132,108.51200860139751,29.468782569701133,0.0
160,99,30,158.42675118883693,108.49406370946234,29.469792835632525,0.0
160,108,27,158.42986379542867,108.49313321826882,29.46510366584769,0.0
160,132,30,158.4329654790126,108.53732955604713,29.46611752736071,0.0
136,109,30,158.3887186853343,108.53819797049756,29.46712777955371,0.0
147,110,30,158.3662898593646,108.54093707818714,29.468134442018204,0.0
160,109,30,158.36950237195492,108.54179581392202,29.469137534203966,0.0
160,104,27,158.37270369688818,108.53331410815218,29.46448848686449,0.0
160,113,30,158.3758938943448,108.54164153426225,29.465495114211414,0.0
141,111,30,158.34188120230363,108.5462170690081,29.46649819134343,0.0
160,110,30,158.3451220154828,108.54891834510724,29.46749773735742,0.0
160,109,30,158.34835162790773,108.54975510108389,29.468493771213343,0.0
160,92,29,158.35157009939036,108.51910647881093,29.46761890084099,0.0
160,117,29,158.35477748931496,108.53478619500606,29.46674709317798,0.0
160,110,30,158.357973856642,108.53749062821643,29.467739642463794,0.0
160,113,30,158.36115925991197,108.54571370860633,29.46872872988245,0.0
160,109,31,158.36433375724909,108.54654943981922,29.471569629408606,0.0
160,139,30,158.36749740636492,108.60248095050817,29.47254841184141,0.0
153,111,30,158.35713113910003,108.60687704085196,29.47352379920253,0.0
160,141,30,158.36029933427227,108.66617548625722,29.474495809462503,0.0
160,107,30,158.36345676332468,108.66313040690123,29.47546446046506,0.0
160,127,29,158.36660348282004,108.6965877840783,29.474589457136407,0.0
160,127,30,158.36973954892315,108.7299295815176,29.475554823965545,0.0
147,127,29,158.3479419505234,108.76315640675838,29.47468246030223,0.0
160,109,31,158.35110458854726,108.76358644132534,29.477476046432805,0.0
160,104,29,158.35425657868532,108.75495128327425,29.476602955154444,0.0
160,96,27,158.3573979763814,108.73186728826039,29.47208156342561,0.0
160,120,29,158.3605288366926,108.7522274608484,29.471221081206064,0.0
160,108,30,158.36364921429262,108.75087046842746,29.472183379077176,0.0
160,92,27,158.36675916347517,108.72070113235603,29.467691500363248,0.0
160,106,30,158.36985873815718,108.71580885875143,29.468657160039363,0.0
160,80,26,158.3729479918821,108.66425586744585,29.46237459729432,0.0
160,115,30,158.37602697782316,108.67561211225103,29.463346832632233,0.0
160,109,30,158.37909574878645,108.67619261920318,29.464315786003986,0.0
160,109,30,158.3821543572142,108.67677116346917,29.46528147433055,0.0
160,108,28,158.38520285518786,108.67556390539015,29.4626441136249,0.0
160,116,30,158.38824129443117,108.6886088506184,29.46360979133114,0.0
147,111,30,158.3668432322411,108.69271895322909,29.464572232378405,0.0
160,110,30,158.369907539437,108.69503987601843,29.46553145333931,0.0
160,109,28,158.3729617905533,108.69558044191872,29.462910020363154,0.0
160,115,28,158.3760060366774,108.70673791658498,29.460297327019227,0.0
160,127,30,158.37904032854888,108.73906217077386,29.46125972336137,0.0
160,111,30,158.38206471656235,108.74305098556874,29.462218922470228,0.0
160,110,31,158.38507925077042,108.74526505962807,29.464952649289184,0.0
160,110,30,158.38808398088656,108.74747177863229,29.46590234711949,0.0
160,108,28,158.39107895628803,108.74615924109767,29.46330438844439,0.0
160,109,30,158.39406422601868,108.74660428361148,29.464254097441753,0.0
160,111,30,158.39703983879173,108.75054887603594,29.465200678939688,0.0
147,112,30,158.3759515617045,108.75622825076309,29.466144148681146,0.0
160,108,30,158.3789524525109,108.7549085648931,29.467084522303388,0.0
160,92,28,158.38194368752858,108.72571492874496,29.464504210485153,0.0
160,115,30,158.38492531488873,108.73663034085409,29.465444615767062,0.0
154,115,30,158.3768561561114,108.74750999258333,29.46638195104977,0.0
160,107,30,158.37983900168751,108.74447918078323,29.467316231657197,0.0
160,111,30,158.3828123172533,108.74838506876446,29.46824747281125,0.0
160,116,30,158.38577614998988,108.76092348276744,29.469175689632653,0.0
160,116,30,158.38873054676506,108.77342110079881,29.4701008971418,0.0
160,111,30,158.39167555413596,108.77725923057454,29.47102311025958,0.0
160,113,30,158.3946112183515,108.78452722770022,29.47194234380819,0.0
160,100,31,158.39753758535508,108.76943064161479,29.474593780429785,0.0
160,159,29,158.4004547007869,108.85562319564981,29.473771505261492,0.0
147,110,30,158.37972913138802,108.85758390514134,29.47468188879769,0.0
160,139,30,158.38267078675952,108.90915021796691,29.475589351080504,0.0
160,110,30,158.38560319074438,108.91101358339931,29.476493906450788,0.0
160,119,30,158.38852638845316,108.92822144639294,29.477395569155476,0.0
160,115,30,158.39144042470127,108.93856197853702,29.478294353348357,0.0
160,127,29,158.39434534401133,108.9692753926354,29.47747298337349,0.0
160,108,30,158.39724119061555,108.96762960801134,29.47836899739341,0.0
160,114,29,158.40012800845818,108.97616158527494,29.47754990514321,0.0
160,96,27,158.4030058411978,108.95419432760536,29.473313893109264,0.0
160,120,29,158.40587473220955,108.97286589312506,29.47250582074907,0.0
160,109,30,158.4087347245876,108.97291169189607,29.473405082530316,0.0
160,92,27,158.41158586114722,108.94430610765262,29.469194594727274,0.0
160,109,31,158.41442818442718,108.94439983351285,29.471796713306716,0.0
160,96,26,158.41726173669193,108.92264817438638,29.465903766186997,0.0
160,109,30,158.4200865599338,108.92277796427253,29.466809019568462,0.0
160,110,28,158.42290269587517,108.92458279522533,29.464326470641854,0.0
160,108,30,158.42571018597067,108.92303597682762,29.46523178467381,0.0
160,110,25,158.4285090714093,108.9248350885509,29.45769616263307,0.0
160,127,30,158.43129939311657,108.95498623407163,29.458610054940348,0.0
160,111,30,158.43408119175655,108.95839253948647,29.459521102353946,0.0
160,109,30,158.436854507734,108.95846174258594,29.460429318436717,0.0
160,106,31,158.43961938119648,108.95354827082652,29.46301271411662,0.0
160,110,27,158.44237585203624,108.95528371663339,29.458885661588454,0.0
160,135,30,158.44512395989238,108.99841397035772,29.45979107228794,0.0
154,103,30,158.4372913865251,108.98849491041342,29.46069368773828,0.0
160,102,31,158.440041491907,108.9769553145166,29.463262022715842,0.0
160,106,30,158.44278329555885,108.97204676365263,29.464156307275324,0.0
160,96,27,158.44551683639006,108.95068856212333,29.46005644159573,0.0
160,103,30,158.44824215306502,108.94090493823109,29.460953537518584,0.0
160,108,30,158.45095928400508,108.93936019683987,29.46184788653178,0.0
159,110,30,158.45191945384573,108.94109902480676,29.462739501524172,0.0
160,105,30,158.45462338215216,108.93464715119946,29.463628395303918,0.0
160,110,30,158.4573192294191,108.9363887291932,29.464514580599076,0.0
160,113,30,158.46000703315678,108.94302224407399,29.465398070058253,0.0
160,113,30,158.46268683064136,108.94963553168994,29.466278876251213,0.0
160,108,30,158.4653586589168,108.9480897217062,29.467157011669496,0.0
160,108,30,158.46802255479676,108.94654861010538,29.468032488727022,0.0
160,116,30,158.47067855486623,108.95799775248871,29.46890531976069,0.0
160,120,30,158.47332669548337,108.97589584968729,29.469775517030982,0.0
160,99,30,158.4759670127813,108.95974855350309,29.470643092722543,0.0
160,98,30,158.4785995426698,108.94203366236391,29.471508058944778,0.0
160,108,28,158.48122432083701,108.9405131308447,29.469106919925963,0.0
160,159,30,158.48384138275122,109.02120088324503,29.469972021193204,0.0
160,108,30,158.48645076366245,109.01955717121207,29.470834532955404,0.0
160,127,30,158.48905249860417,109.04845793828936,29.471694467099795,0.0
160,99,30,158.49164662239497,109.0323290682975,29.472551835440765,0.0
160,104,27,158.4942331696402,109.02426284594313,29.468544668939643,0.0
160,105,30,158.49681217473366,109.01782137239826,29.469404809764644,0.0
136,104,30,158.4583269722427,109.00980066064088,29.470262396431306,0.0
160,109,30,158.46096114676953,109.00978501645464,29.471117440574584,0.0
160,96,27,158.46358767750843,108.98904692688248,29.467134211859676,0.0
160,96,27,158.46620659894094,108.96837038072088,29.46316275493482,0.0
160,96,28,158.4688179453394,108.94775509876398,29.460810599398325,0.0
160,98,30,158.47142175076837,108.93037576241491,29.46167622911014,0.0
160,96,27,158.4740180490864,108.90987714471032,29.45772947345968,0.0
160,109,30,158.4766068739474,108.91001982197,29.458597723661082,0.0
160,88,27,158.4791882588023,108.87696143065818,29.454666415975147,0.0
160,112,30,158.48176223690058,108.88189218242798,29.455537246316464,0.0
160,109,28,158.48432884129164,108.88207840143995,29.453216020159648,0.0
160,108,30,158.4868881048265,108.8806895263052,29.454086851023074,0.0
160,109,26,158.48944006015918,108.8808771321143,29.44859300790598,0.0
160,109,30,158.49198473974812,108.88106418981981,29.449468881242836,0.0
147,109,30,158.47264794799355,108.88125070187098,29.45034221050333,0.0
